#Data Set Export - Rainfall.Continuous@A6487A,,,,
"GENERAL TERMS AND CONDITIONS
1. Auckland Council owns the copyright on the data.
2. Auckland Council shall be acknowledged as the source of the data used in any publication, media statement or other documents, or oral statements which include the data and are made available to third parties, including the general public.
3. The data is provided with the understanding that it is for the sole use of the recipient, or its agents, and it is not intended that this data will be sold, lent or given to any third party other than for the purposes it is provided for. Data may not be sold to any third party in an unmodified form without agreement of Auckland Council.
4. The user of the data agrees to indemnify Auckland Council for any losses sustained as a consequence of a breach of any of these conditions.
5. A copy of these terms and conditions shall accompany any of the attached data which is made available to third parties.
DISCLAIMER
The data is supplied on the basis that it is accurate to the best of Auckland Council knowledge and belief. While Auckland Council has exercised all reasonable skill and care in compiling and providing this data, Auckland Council accepts no liability in contract, tort or otherwise howsoever, for any loss, damage, injury or expense (whether direct, indirect or consequential) arising out of the provision of this data or its use by you.
NOTE ON DATA
Data users are cautioned to consider carefully the nature of this data before using it for decisions that concern personal or public safety or the conduct of business that involves monetary or operational consequences.
Data users are cautioned to consider carefully using or interpreting this data for purposes other than that for which it was collected.  Auckland Council should be consulted to verify whether the data is being correctly interpreted.
DATA QUALITY
Data provided may include both measured and synthesised data. Measured data may also include data of different quality. Please request quality codes with your data set if you wish to identify these types of data.
",,,,
Timestamp (UTC+12:00),Value (Millimetres),Grade Code,Interpolation Type,Event Timestamp
1990-11-03 08:00:00,0,500,5,
1990-11-04 08:00:00,0,500,5,
1990-11-05 08:00:00,6.4,500,5,
1990-11-06 08:00:00,0,500,5,
1990-11-11 08:00:00,0,500,5,
1990-11-12 08:00:00,25.4,500,5,
1990-11-13 08:00:00,28.6,500,5,
1990-11-14 08:00:00,13.6,500,5,
1990-11-15 08:00:00,6.8,500,5,
1990-11-16 08:00:00,2.2,500,5,
1990-11-17 08:00:00,0,500,5,
1990-11-18 08:00:00,0,500,5,
1990-11-19 08:00:00,2.6,500,5,
1990-11-20 08:00:00,0,500,5,
1990-11-21 08:00:00,0.2,500,5,
1990-11-22 08:00:00,1.6,500,5,
1990-11-23 08:00:00,0.6,500,5,
1990-11-24 08:00:00,0,500,5,
1990-11-25 08:00:00,0.2,500,5,
1990-11-26 08:00:00,0,500,5,
1990-11-27 08:00:00,0,500,5,
1990-11-28 08:00:00,1,500,5,
1990-11-29 08:00:00,1.4,500,5,
1990-11-30 08:00:00,0.4,500,5,
1990-12-01 08:00:00,3.2,500,5,
1990-12-08 08:00:00,0,500,5,
1990-12-15 08:00:00,0,500,5,
1990-12-22 08:00:00,0,500,5,
1990-12-29 08:00:00,0,500,5,
1991-01-05 08:00:00,0,500,5,
1991-01-12 08:00:00,0,500,5,
1991-01-19 08:00:00,0,500,5,
1991-01-26 08:00:00,0,500,5,
1991-02-02 08:00:00,0,500,5,
1991-02-09 08:00:00,0,500,5,
1991-02-16 08:00:00,0,500,5,
1991-02-23 08:00:00,0,500,5,
1991-03-02 08:00:00,0.6,500,5,
1991-03-03 08:00:00,12.8,500,5,
1991-03-04 08:00:00,7.8,500,5,
1991-03-05 08:00:00,0,500,5,
1991-03-12 08:00:00,0,500,5,
1991-03-13 08:00:00,0,500,5,
1991-03-14 08:00:00,0.2,500,5,
1991-03-15 08:00:00,5.2,500,5,
1991-03-16 08:00:00,3,500,5,
1991-03-17 09:00:00,0,500,5,
1991-03-18 09:00:00,2.6,500,5,
1991-03-19 09:00:00,0.4,500,5,
1991-03-20 09:00:00,0.2,500,5,
1991-03-21 09:00:00,0,500,5,
1991-03-25 09:00:00,0,500,5,
1991-03-26 09:00:00,9.2,500,5,
1991-03-27 09:00:00,48,500,5,
1991-03-28 09:00:00,0,500,5,
1991-03-29 09:00:00,0.2,500,5,
1991-03-30 09:00:00,0,500,5,
1991-04-03 09:00:00,0,500,5,
1991-04-04 09:00:00,34.4,500,5,
1991-04-05 09:00:00,0,500,5,
1991-04-06 09:00:00,4.4,500,5,
1991-04-07 09:00:00,0,500,5,
1991-04-08 09:00:00,0,500,5,
1991-04-09 09:00:00,0.8,500,5,
1991-04-10 09:00:00,2,500,5,
1991-04-11 09:00:00,1,500,5,
1991-04-12 09:00:00,0,500,5,
1991-04-13 09:00:00,0.6,500,5,
1991-04-14 09:00:00,0,500,5,
1991-04-15 09:00:00,4.2,500,5,
1991-04-16 09:00:00,0,500,5,
1991-04-17 09:00:00,0.8,500,5,
1991-04-18 09:00:00,32.6,500,5,
1991-04-19 09:00:00,17.6,500,5,
1991-04-20 09:00:00,0.6,500,5,
1991-04-21 09:00:00,1.4,500,5,
1991-04-22 09:00:00,0.4,500,5,
1991-04-23 09:00:00,4,500,5,
1991-04-24 09:00:00,10.2,500,5,
1991-04-25 09:00:00,27,500,5,
1991-04-26 09:00:00,0.4,500,5,
1991-04-27 09:00:00,0,500,5,
1991-04-28 09:00:00,7.6,500,5,
1991-04-29 09:00:00,3,500,5,
1991-04-30 09:00:00,3.8,500,5,
1991-05-01 09:00:00,3,500,5,
1991-05-02 09:00:00,0.2,500,5,
1991-05-03 09:00:00,74.4,500,5,
1991-05-04 09:00:00,1.2,500,5,
1991-05-05 09:00:00,0,500,5,
1991-05-06 09:00:00,18.6,500,5,
1991-05-07 09:00:00,1.4,500,5,
1991-05-08 09:00:00,0.2,500,5,
1991-05-09 09:00:00,0,500,5,
1991-05-10 09:00:00,0.2,500,5,
1991-05-11 09:00:00,0.2,500,5,
1991-05-12 09:00:00,0,500,5,
1991-05-13 09:00:00,0,500,5,
1991-05-14 09:00:00,0.2,500,5,
1991-05-15 09:00:00,0,500,5,
1991-05-16 09:00:00,0,500,5,
1991-05-17 09:00:00,1.6,500,5,
1991-05-18 09:00:00,2.2,500,5,
1991-05-19 09:00:00,2.4,500,5,
1991-05-20 09:00:00,0,500,5,
1991-05-21 09:00:00,0,500,5,
1991-05-22 09:00:00,0.8,500,5,
1991-05-23 09:00:00,0,500,5,
1991-05-24 09:00:00,1,500,5,
1991-05-25 09:00:00,0.2,500,5,
1991-05-26 09:00:00,0.2,500,5,
1991-05-27 09:00:00,0,500,5,
1991-05-28 09:00:00,0.2,500,5,
1991-05-29 09:00:00,2.8,500,5,
1991-05-30 09:00:00,0.4,500,5,
1991-05-31 09:00:00,1.8,500,5,
1991-06-01 09:00:00,0.2,500,5,
1991-06-02 09:00:00,2.4,500,5,
1991-06-03 09:00:00,0.4,500,5,
1991-06-04 09:00:00,0.2,500,5,
1991-06-05 09:00:00,0,500,5,
1991-06-06 09:00:00,0.8,500,5,
1991-06-07 09:00:00,5.6,500,5,
1991-06-08 09:00:00,0,500,5,
1991-06-14 09:00:00,0,500,5,
1991-06-15 09:00:00,9.4,500,5,
1991-06-16 09:00:00,18.6,500,5,
1991-06-17 09:00:00,0,500,5,
1991-06-18 09:00:00,1,500,5,
1991-06-19 09:00:00,3.6,500,5,
1991-06-20 09:00:00,3.8,500,5,
1991-06-21 09:00:00,2.6,500,5,
1991-06-22 09:00:00,0,500,5,
1991-06-23 09:00:00,12.2,500,5,
1991-06-24 09:00:00,4.2,500,5,
1991-06-25 09:00:00,6.6,500,5,
1991-06-26 09:00:00,0.6,500,5,
1991-06-27 09:00:00,6.6,500,5,
1991-06-28 09:00:00,6.2,500,5,
1991-06-29 09:00:00,15.2,500,5,
1991-06-30 09:00:00,0.2,500,5,
1991-07-01 09:00:00,14.6,500,5,
1991-07-02 09:00:00,1.6,500,5,
1991-07-03 09:00:00,0.2,500,5,
1991-07-04 09:00:00,0,500,5,
1991-07-05 09:00:00,0,500,5,
1991-07-06 09:00:00,0,500,5,
1991-07-07 09:00:00,0,500,5,
1991-07-08 09:00:00,0.2,500,5,
1991-07-09 09:00:00,0.2,500,5,
1991-07-10 09:00:00,0.8,500,5,
1991-07-11 09:00:00,0,500,5,
1991-07-16 09:00:00,0,500,5,
1991-07-17 09:00:00,2.2,500,5,
1991-07-18 09:00:00,37.2,500,5,
1991-07-19 09:00:00,10.4,500,5,
1991-07-20 09:00:00,3.4,500,5,
1991-07-21 09:00:00,12.6,500,5,
1991-07-22 09:00:00,9.2,500,5,
1991-07-23 09:00:00,2.8,500,5,
1991-07-24 09:00:00,17.4,500,5,
1991-07-25 09:00:00,3,500,5,
1991-07-26 09:00:00,13,500,5,
1991-07-27 09:00:00,2.2,500,5,
1991-07-28 09:00:00,2.4,500,5,
1991-07-29 09:00:00,0.4,500,5,
1991-07-30 09:00:00,0.2,500,5,
1991-07-31 09:00:00,0,500,5,
1991-08-01 09:00:00,0.8,500,5,
1991-08-02 09:00:00,6.2,500,5,
1991-08-03 09:00:00,0.2,500,5,
1991-08-04 09:00:00,1,500,5,
1991-08-05 09:00:00,5.8,500,5,
1991-08-06 09:00:00,3,500,5,
1991-08-07 09:00:00,14,500,5,
1991-08-08 09:00:00,0,500,5,
1991-08-09 09:00:00,8.4,500,5,
1991-08-10 09:00:00,13.2,500,5,
1991-08-11 09:00:00,2.6,500,5,
1991-08-12 09:00:00,1.4,500,5,
1991-08-13 09:00:00,0.4,500,5,
1991-08-14 09:00:00,0.2,500,5,
1991-08-15 09:00:00,0,500,5,
1991-08-16 09:00:00,0,500,5,
1991-08-17 09:00:00,6.8,500,5,
1991-08-18 09:00:00,5.2,500,5,
1991-08-19 09:00:00,5.4,500,5,
1991-08-20 09:00:00,5.6,500,5,
1991-08-21 09:00:00,2,500,5,
1991-08-22 09:00:00,11.6,500,5,
1991-08-23 09:00:00,5,500,5,
1991-08-24 09:00:00,4.8,500,5,
1991-08-25 09:00:00,0,500,5,
1991-08-26 09:00:00,30.6,500,5,
1991-08-27 09:00:00,1.2,500,5,
1991-08-28 09:00:00,0.4,500,5,
1991-08-29 09:00:00,0,500,5,
1991-08-30 09:00:00,1,500,5,
1991-08-31 09:00:00,1.6,500,5,
1991-09-01 09:00:00,6.8,500,5,
1991-09-02 09:00:00,1.6,500,5,
1991-09-03 09:00:00,1.2,500,5,
1991-09-04 09:00:00,0.6,500,5,
1991-09-05 09:00:00,0,500,5,
1991-09-06 09:00:00,0.8,500,5,
1991-09-07 09:00:00,1.6,500,5,
1991-09-08 09:00:00,0,500,5,
1991-09-13 09:00:00,0,500,5,
1991-09-14 09:00:00,7.8,500,5,
1991-09-15 09:00:00,10.6,500,5,
1991-09-16 09:00:00,8.8,500,5,
1991-09-17 09:00:00,3.2,500,5,
1991-09-18 09:00:00,4.4,500,5,
1991-09-19 09:00:00,6,500,5,
1991-09-20 09:00:00,2.4,500,5,
1991-09-21 09:00:00,6,500,5,
1991-09-22 09:00:00,1.4,500,5,
1991-09-23 09:00:00,1,500,5,
1991-09-24 09:00:00,0,500,5,
1991-09-25 09:00:00,2,500,5,
1991-09-26 09:00:00,2.4,500,5,
1991-09-27 09:00:00,0.8,500,5,
1991-09-28 09:00:00,4,500,5,
1991-09-29 09:00:00,7,500,5,
1991-09-30 09:00:00,6.2,500,5,
1991-10-01 09:00:00,10.4,500,5,
1991-10-02 09:00:00,1.6,500,5,
1991-10-03 09:00:00,3.8,500,5,
1991-10-04 09:00:00,2.2,500,5,
1991-10-05 09:00:00,4.4,500,5,
1991-10-06 08:00:00,0.6,500,5,
1991-10-07 08:00:00,1.6,500,5,
1991-10-08 08:00:00,1.8,500,5,
1991-10-09 08:00:00,0.6,500,5,
1991-10-10 08:00:00,16.6,500,5,
1991-10-11 08:00:00,0.2,500,5,
1991-10-12 08:00:00,0.4,500,5,
1991-10-13 08:00:00,0,500,5,
1991-10-14 08:00:00,2.2,500,5,
1991-10-15 08:00:00,0.8,500,5,
1991-10-16 08:00:00,0,500,5,
1991-10-17 08:00:00,0,500,5,
1991-10-18 08:00:00,0,500,5,
1991-10-19 08:00:00,0.2,500,5,
1991-10-20 08:00:00,0,500,5,
1991-10-24 08:00:00,0,500,5,
1991-10-25 08:00:00,0.2,500,5,
1991-10-26 08:00:00,0.2,500,5,
1991-10-27 08:00:00,0,500,5,
1991-10-28 08:00:00,6.4,500,5,
1991-10-29 08:00:00,14,500,5,
1991-10-30 08:00:00,0.6,500,5,
1991-10-31 08:00:00,1.6,500,5,
1991-11-01 08:00:00,0.2,500,5,
1991-11-02 08:00:00,1,500,5,
1991-11-03 08:00:00,5.4,500,5,
1991-11-04 08:00:00,1.6,500,5,
1991-11-05 08:00:00,0.4,500,5,
1991-11-06 08:00:00,0,500,5,
1991-11-07 08:00:00,25.6,500,5,
1991-11-08 08:00:00,1,500,5,
1991-11-09 08:00:00,7.6,500,5,
1991-11-10 08:00:00,3,500,5,
1991-11-11 08:00:00,3.8,500,5,
1991-11-12 08:00:00,5.8,500,5,
1991-11-13 08:00:00,0.8,500,5,
1991-11-14 08:00:00,6.6,500,5,
1991-11-15 08:00:00,0,500,5,
1991-11-19 08:00:00,0,500,5,
1991-11-20 08:00:00,0.6,500,5,
1991-11-21 08:00:00,0,500,5,
1991-11-22 08:00:00,2.2,500,5,
1991-11-23 08:00:00,0,500,5,
1991-11-24 08:00:00,0.6,500,5,
1991-11-25 08:00:00,0,500,5,
1991-11-26 08:00:00,0.4,500,5,
1991-11-27 08:00:00,0,500,5,
1991-11-28 08:00:00,0.2,500,5,
1991-11-29 08:00:00,9.8,500,5,
1991-11-30 08:00:00,0,500,5,
1991-12-01 08:00:00,0,500,5,
1991-12-04 08:00:00,0.6,500,5,
1991-12-11 08:00:00,0,500,5,
1991-12-18 08:00:00,0,500,5,
1991-12-19 08:00:00,0,500,5,
1991-12-23 08:00:00,0,500,5,
1991-12-24 08:00:00,0.2,500,5,
1991-12-25 08:00:00,0,500,5,
1991-12-26 08:00:00,0.2,500,5,
1991-12-28 08:00:00,3,500,5,
1991-12-29 09:00:00,0,500,5,
1991-12-30 08:00:00,0,500,5,
1991-12-31 08:00:00,2,500,5,
1992-01-01 08:00:00,23.79,500,5,
1992-01-02 08:00:00,8,500,5,
1992-01-03 08:00:00,0,500,5,
1992-01-07 08:00:00,0,500,5,
1992-01-08 08:00:00,1.6,500,5,
1992-01-09 08:00:00,0,500,5,
1992-01-10 08:00:00,0,500,5,
1992-01-11 08:00:00,0,500,5,
1992-01-12 08:00:00,1.4,500,5,
1992-01-13 08:00:00,1.21,500,5,
1992-01-14 08:00:00,10.39,500,5,
1992-01-15 08:00:00,0.4,500,5,
1992-01-16 08:00:00,0,500,5,
1992-01-17 08:00:00,0.4,500,5,
1992-01-18 08:00:00,45.41,500,5,
1992-01-19 08:00:00,0,500,5,
1992-01-20 08:00:00,0,500,5,
1992-01-21 08:00:00,0,500,5,
1992-01-22 08:00:00,0,500,5,
1992-01-23 08:00:00,0.6,500,5,
1992-01-24 08:00:00,0,500,5,
1992-01-25 08:00:00,0,500,5,
1992-01-26 08:00:00,0,500,5,
1992-01-27 08:00:00,0.5,500,5,
1992-01-28 08:00:00,0.6,500,5,
1992-01-29 08:00:00,0.2,500,5,
1992-01-30 08:00:00,10.8,500,5,
1992-01-31 08:00:00,2,500,5,
1992-02-01 08:00:00,0,500,5,
1992-02-02 08:00:00,1,500,5,
1992-02-03 08:00:00,0.2,500,5,
1992-02-04 08:00:00,0,500,5,
1992-02-05 08:00:00,0,500,5,
1992-02-06 08:00:00,1.2,500,5,
1992-02-07 08:00:00,0,500,5,
1992-02-08 08:00:00,0,500,5,
1992-02-09 08:00:00,12.79,500,5,
1992-02-10 08:00:00,0,500,5,
1992-02-14 08:00:00,0,500,5,
1992-02-15 08:00:00,1.6,500,5,
1992-02-16 08:00:00,9.4,500,5,
1992-02-17 08:00:00,1.4,500,5,
1992-02-18 08:00:00,6.2,500,5,
1992-02-19 08:00:00,0,500,5,
1992-02-20 08:00:00,0,500,5,
1992-02-21 08:00:00,0,500,5,
1992-02-22 08:00:00,0.2,500,5,
1992-02-23 08:00:00,0,500,5,
1992-02-27 08:00:00,0,500,5,
1992-02-28 08:00:00,0.2,500,5,
1992-02-29 08:00:00,1.4,500,5,
1992-03-01 08:00:00,0,500,5,
1992-03-02 08:00:00,0,500,5,
1992-03-03 08:00:00,0,500,5,
1992-03-04 08:00:00,0.4,500,5,
1992-03-05 08:00:00,0,500,5,
1992-03-06 08:00:00,0,500,5,
1992-03-07 08:00:00,12.4,500,5,
1992-03-08 08:00:00,8,500,5,
1992-03-09 08:00:00,0.4,500,5,
1992-03-10 08:00:00,0,500,5,
1992-03-11 08:00:00,0,500,5,
1992-03-12 08:00:00,0,500,5,
1992-03-13 08:00:00,0.8,500,5,
1992-03-14 08:00:00,0,500,5,
1992-03-15 09:00:00,0,500,5,
1992-03-16 09:00:00,0,500,5,
1992-03-17 09:00:00,2.4,500,5,
1992-03-18 09:00:00,1,500,5,
1992-03-19 09:00:00,0.2,500,5,
1992-03-20 09:00:00,0.2,500,5,
1992-03-21 09:00:00,0,500,5,
1992-03-22 09:00:00,7.4,500,5,
1992-03-23 09:00:00,2.8,500,5,
1992-03-24 09:00:00,0,500,5,
1992-03-29 09:00:00,0,500,5,
1992-03-30 09:00:00,0.8,500,5,
1992-03-31 09:00:00,0.6,500,5,
1992-04-01 09:00:00,0,500,5,
1992-04-02 09:00:00,0,500,5,
1992-04-03 09:00:00,4.8,500,5,
1992-04-04 09:00:00,2.4,500,5,
1992-04-05 09:00:00,0,500,5,
1992-04-10 09:00:00,0,500,5,
1992-04-11 09:00:00,43.2,500,5,
1992-04-12 09:00:00,0,500,5,
1992-04-13 09:00:00,0.2,500,5,
1992-04-14 09:00:00,0,500,5,
1992-04-15 09:00:00,0,500,5,
1992-04-16 09:00:00,0.2,500,5,
1992-04-17 09:00:00,0,500,5,
1992-04-24 09:00:00,0,500,5,
1992-04-26 09:00:00,0,500,5,
1992-04-27 09:00:00,13,500,5,
1992-04-28 09:00:00,0,500,5,
1992-04-29 09:00:00,0,500,5,
1992-04-30 09:00:00,0,500,5,
1992-05-01 09:00:00,0,500,5,
1992-05-02 09:00:00,1.6,500,5,
1992-05-03 09:00:00,11.6,500,5,
1992-05-04 09:00:00,8,500,5,
1992-05-05 09:00:00,0,500,5,
1992-05-06 09:00:00,0,500,5,
1992-05-07 09:00:00,0,500,5,
1992-05-08 09:00:00,10.6,500,5,
1992-05-09 09:00:00,5.6,500,5,
1992-05-10 09:00:00,1.4,500,5,
1992-05-11 09:00:00,0.2,500,5,
1992-05-12 09:00:00,5.2,500,5,
1992-05-13 09:00:00,1.2,500,5,
1992-05-14 09:00:00,0,500,5,
1992-05-15 09:00:00,4.8,500,5,
1992-05-16 09:00:00,1.2,500,5,
1992-05-17 09:00:00,2,500,5,
1992-05-18 09:00:00,0.2,500,5,
1992-05-19 09:00:00,0.2,500,5,
1992-05-20 09:00:00,1.4,500,5,
1992-05-21 09:00:00,0.8,500,5,
1992-05-22 09:00:00,0.2,500,5,
1992-05-23 09:00:00,0,500,5,
1992-05-24 09:00:00,5,500,5,
1992-05-25 09:00:00,4,500,5,
1992-05-26 09:00:00,4.4,500,5,
1992-05-27 09:00:00,0.2,500,5,
1992-05-28 09:00:00,21.4,500,5,
1992-05-29 09:00:00,12.2,500,5,
1992-05-30 09:00:00,0,500,5,
1992-05-31 09:00:00,0,500,5,
1992-06-01 09:00:00,0,500,5,
1992-06-02 09:00:00,0.2,500,5,
1992-06-03 09:00:00,0.2,500,5,
1992-06-04 09:00:00,1,500,5,
1992-06-05 09:00:00,0,500,5,
1992-06-06 09:00:00,13.2,500,5,
1992-06-07 09:00:00,3.6,500,5,
1992-06-08 09:00:00,2.2,500,5,
1992-06-09 09:00:00,0.4,500,5,
1992-06-10 09:00:00,0.2,500,5,
1992-06-11 09:00:00,0.2,500,5,
1992-06-12 09:00:00,13.2,500,5,
1992-06-13 09:00:00,0.2,500,5,
1992-06-14 09:00:00,12.6,500,5,
1992-06-15 09:00:00,6.8,500,5,
1992-06-16 09:00:00,4,500,5,
1992-06-17 09:00:00,0.6,500,5,
1992-06-18 09:00:00,1,500,5,
1992-06-19 09:00:00,10.8,500,5,
1992-06-20 09:00:00,6.8,500,5,
1992-06-21 09:00:00,0,500,5,
1992-06-22 09:00:00,0.8,500,5,
1992-06-23 09:00:00,0.2,500,5,
1992-06-24 09:00:00,0,500,5,
1992-06-25 09:00:00,0,500,5,
1992-06-26 09:00:00,0,500,5,
1992-06-27 09:00:00,0.2,500,5,
1992-06-28 09:00:00,0,500,5,
1992-06-29 09:00:00,0.4,500,5,
1992-06-30 09:00:00,0,500,5,
1992-07-01 09:00:00,0,500,5,
1992-07-02 09:00:00,2.2,500,5,
1992-07-03 09:00:00,3.6,500,5,
1992-07-04 09:00:00,2.2,500,5,
1992-07-05 09:00:00,0.2,500,5,
1992-07-06 09:00:00,10.5,500,5,
1992-07-07 09:00:00,1,500,5,
1992-07-08 09:00:00,4.8,500,5,
1992-07-09 09:00:00,5.2,500,5,
1992-07-10 09:00:00,2.2,500,5,
1992-07-11 09:00:00,0.4,500,5,
1992-07-12 09:00:00,0,500,5,
1992-07-13 09:00:00,2.6,500,5,
1992-07-14 09:00:00,31.2,500,5,
1992-07-15 09:00:00,3.6,500,5,
1992-07-16 09:00:00,0,500,5,
1992-07-17 09:00:00,0,500,5,
1992-07-18 09:00:00,0,500,5,
1992-07-19 09:00:00,0.2,500,5,
1992-07-20 09:00:00,0,500,5,
1992-07-21 09:00:00,10.8,500,5,
1992-07-22 09:00:00,48.6,500,5,
1992-07-23 09:00:00,4.6,500,5,
1992-07-24 09:00:00,1.4,500,5,
1992-07-25 09:00:00,5.8,500,5,
1992-07-26 09:00:00,1,500,5,
1992-07-27 09:00:00,9.6,500,5,
1992-07-28 09:00:00,0.6,500,5,
1992-07-29 09:00:00,1.8,500,5,
1992-07-30 09:00:00,0,500,5,
1992-07-31 09:00:00,6.4,500,5,
1992-08-01 09:00:00,7.8,500,5,
1992-08-02 09:00:00,0.6,500,5,
1992-08-03 09:00:00,0,500,5,
1992-08-04 09:00:00,8.6,500,5,
1992-08-05 09:00:00,14.2,500,5,
1992-08-06 09:00:00,1.2,500,5,
1992-08-07 09:00:00,0,500,5,
1992-08-08 09:00:00,0,500,5,
1992-08-09 09:00:00,7.2,500,5,
1992-08-10 09:00:00,13.6,500,5,
1992-08-11 09:00:00,1.4,500,5,
1992-08-12 09:00:00,2.2,500,5,
1992-08-13 09:00:00,6.8,500,5,
1992-08-14 09:00:00,16,500,5,
1992-08-15 09:00:00,10.2,500,5,
1992-08-16 09:00:00,10.6,500,5,
1992-08-17 09:00:00,7.6,500,5,
1992-08-18 09:00:00,1.2,500,5,
1992-08-19 09:00:00,0.8,500,5,
1992-08-20 09:00:00,8.6,500,5,
1992-08-21 09:00:00,6,500,5,
1992-08-22 09:00:00,6.2,500,5,
1992-08-23 09:00:00,2,500,5,
1992-08-24 09:00:00,0,500,5,
1992-08-25 09:00:00,0.2,500,5,
1992-08-26 09:00:00,7.2,500,5,
1992-08-27 09:00:00,15,500,5,
1992-08-28 09:00:00,11.21,500,5,
1992-08-29 09:00:00,4.8,500,5,
1992-08-30 09:00:00,1.4,500,5,
1992-08-31 09:00:00,0,500,5,
1992-09-01 09:00:00,4,500,5,
1992-09-02 09:00:00,10.2,500,5,
1992-09-03 09:00:00,3.4,500,5,
1992-09-04 09:00:00,1,500,5,
1992-09-05 09:00:00,6.2,500,5,
1992-09-06 09:00:00,4.4,500,5,
1992-09-07 09:00:00,0.6,500,5,
1992-09-08 09:00:00,6.6,500,5,
1992-09-09 09:00:00,3.4,500,5,
1992-09-10 09:00:00,2.2,500,5,
1992-09-11 09:00:00,4,500,5,
1992-09-12 09:00:00,4.4,500,5,
1992-09-13 09:00:00,0,500,5,
1992-09-14 09:00:00,0,500,5,
1992-09-15 09:00:00,2.2,500,5,
1992-09-16 09:00:00,1.2,500,5,
1992-09-17 09:00:00,0,500,5,
1992-09-18 09:00:00,18,500,5,
1992-09-19 09:00:00,0.4,500,5,
1992-09-20 09:00:00,6.39,500,5,
1992-09-21 09:00:00,1,500,5,
1992-09-22 09:00:00,0,500,5,
1992-09-23 09:00:00,0.4,500,5,
1992-09-24 09:00:00,7.2,500,5,
1992-09-25 09:00:00,0,500,5,
1992-09-26 09:00:00,5.8,500,5,
1992-09-27 09:00:00,2.2,500,5,
1992-09-28 09:00:00,4.2,500,5,
1992-09-29 09:00:00,0,500,5,
1992-09-30 09:00:00,0,500,5,
1992-10-01 09:00:00,0,500,5,
1992-10-02 09:00:00,14.6,500,5,
1992-10-03 09:00:00,2.6,500,5,
1992-10-04 08:00:00,0.6,500,5,
1992-10-05 08:00:00,0,500,5,
1992-10-12 08:00:00,0,500,5,
1992-10-13 08:00:00,4.2,500,5,
1992-10-14 08:00:00,0.8,500,5,
1992-10-15 08:00:00,0,500,5,
1992-10-16 08:00:00,1.8,500,5,
1992-10-17 08:00:00,0,500,5,
1992-10-18 08:00:00,0,500,5,
1992-10-19 08:00:00,0,500,5,
1992-10-20 08:00:00,0,500,5,
1992-10-21 08:00:00,3.4,500,5,
1992-10-22 08:00:00,33.81,500,5,
1992-10-23 08:00:00,19.8,500,5,
1992-10-24 08:00:00,2.6,500,5,
1992-10-25 08:00:00,0.6,500,5,
1992-10-26 08:00:00,0.4,500,5,
1992-10-27 08:00:00,0.6,500,5,
1992-10-28 08:00:00,0,500,5,
1992-11-04 08:00:00,0,500,5,
1992-11-05 08:00:00,0.4,500,5,
1992-11-06 08:00:00,0.6,500,5,
1992-11-07 08:00:00,2.6,500,5,
1992-11-08 08:00:00,0.2,500,5,
1992-11-09 08:00:00,0,500,5,
1992-11-10 08:00:00,0,500,5,
1992-11-11 08:00:00,0,500,5,
1992-11-12 08:00:00,1,500,5,
1992-11-13 08:00:00,0,500,5,
1992-11-14 08:00:00,0,500,5,
1992-11-15 08:00:00,11.4,500,5,
1992-11-16 08:00:00,9.8,500,5,
1992-11-17 08:00:00,5.8,500,5,
1992-11-18 08:00:00,0.8,500,5,
1992-11-19 08:00:00,5.8,500,5,
1992-11-20 08:00:00,0,500,5,
1992-11-21 08:00:00,0,500,5,
1992-11-22 08:00:00,0,500,5,
1992-11-23 08:00:00,0,500,5,
1992-11-24 08:00:00,0.2,500,5,
1992-11-25 08:00:00,0,500,5,
1992-11-26 08:00:00,0,500,5,
1992-11-27 08:00:00,0,500,5,
1992-11-28 08:00:00,0.2,500,5,
1992-11-29 08:00:00,0,500,5,
1992-11-30 08:00:00,11.79,500,5,
1992-12-01 08:00:00,2.4,500,5,
1992-12-02 08:00:00,9.4,500,5,
1992-12-03 08:00:00,12.4,500,5,
1992-12-04 08:00:00,0,500,5,
1992-12-05 08:00:00,1.2,500,5,
1992-12-06 08:00:00,5.2,500,5,
1992-12-07 08:00:00,0,500,5,
1992-12-08 08:00:00,0.6,500,5,
1992-12-09 08:00:00,0,500,5,
1992-12-10 08:00:00,1.4,500,5,
1992-12-16 08:00:00,0,500,5,
1992-12-17 08:00:00,0,500,5,
1992-12-18 08:00:00,0,500,5,
1992-12-25 08:00:00,6.4,500,5,
1992-12-26 08:00:00,0,500,5,
1992-12-27 08:00:00,0,500,5,
1992-12-28 08:00:00,0,500,5,
1992-12-29 08:00:00,0.8,500,5,
1992-12-30 08:00:00,8.2,500,5,
1993-01-01 08:00:00,0.2,500,5,
1993-01-02 08:00:00,0,500,5,
1993-01-03 08:00:00,0,500,5,
1993-01-04 08:00:00,0.6,500,5,
1993-01-05 08:00:00,0,500,5,
1993-01-06 08:00:00,2,500,5,
1993-01-07 08:00:00,0,500,5,
1993-01-08 08:00:00,7.8,500,5,
1993-01-09 08:00:00,1.6,500,5,
1993-01-10 08:00:00,0,500,5,
1993-01-11 08:00:00,0,500,5,
1993-01-12 08:00:00,0,500,5,
1993-01-13 08:00:00,20.41,500,5,
1993-01-14 08:00:00,7.4,500,5,
1993-01-15 08:00:00,0.4,500,5,
1993-01-16 08:00:00,0.8,500,5,
1993-01-17 08:00:00,0,500,5,
1993-01-18 08:00:00,0,500,5,
1993-01-19 08:00:00,0,500,5,
1993-01-20 08:00:00,1,500,5,
1993-01-21 08:00:00,0,500,5,
1993-01-22 08:00:00,0,500,5,
1993-01-23 08:00:00,1.8,500,5,
1993-01-24 08:00:00,0,500,5,
1993-01-25 08:00:00,0,500,5,
1993-01-26 08:00:00,0,500,5,
1993-01-27 08:00:00,0.8,500,5,
1993-01-28 08:00:00,0,500,5,
1993-01-29 08:00:00,0,500,5,
1993-01-30 08:00:00,0,500,5,
1993-01-31 08:00:00,0.6,500,5,
1993-02-01 08:00:00,0.2,500,5,
1993-02-02 08:00:00,5.8,500,5,
1993-02-03 08:00:00,0.4,500,5,
1993-02-04 08:00:00,1.2,500,5,
1993-02-05 08:00:00,0,500,5,
1993-02-06 08:00:00,1.6,500,5,
1993-02-07 08:00:00,0,500,5,
1993-02-08 08:00:00,0,500,5,
1993-02-09 08:00:00,0,500,5,
1993-02-10 08:00:00,0,500,5,
1993-02-11 08:00:00,4.39,500,5,
1993-02-12 08:00:00,0,500,5,
1993-02-13 08:00:00,0,500,5,
1993-02-14 08:00:00,0,500,5,
1993-02-15 08:00:00,3.2,500,5,
1993-02-16 08:00:00,7.2,500,5,
1993-02-17 08:00:00,0,500,5,
1993-02-18 08:00:00,0,500,5,
1993-02-19 08:00:00,0,500,5,
1993-02-20 08:00:00,0.2,500,5,
1993-02-21 08:00:00,3.2,500,5,
1993-02-22 08:00:00,0,500,5,
1993-03-01 08:00:00,0,500,5,
1993-03-03 08:00:00,0,500,5,
1993-03-04 08:00:00,5.8,500,5,
1993-03-05 08:00:00,5.2,500,5,
1993-03-06 08:00:00,0.2,500,5,
1993-03-07 08:00:00,0,500,5,
1993-03-12 08:00:00,0,500,5,
1993-03-13 08:00:00,5.8,500,5,
1993-03-14 08:00:00,0,500,5,
1993-03-15 08:00:00,0.2,500,5,
1993-03-16 08:00:00,0,500,5,
1993-03-17 08:00:00,0,500,5,
1993-03-18 08:00:00,0,500,5,
1993-03-19 08:00:00,1.8,500,5,
1993-03-20 08:00:00,0,500,5,
1993-03-21 09:00:00,0,500,5,
1993-03-22 09:00:00,1.8,500,5,
1993-03-23 09:00:00,0,500,5,
1993-03-24 09:00:00,0,500,5,
1993-03-25 09:00:00,0,500,5,
1993-03-26 09:00:00,1.2,500,5,
1993-03-27 09:00:00,0,500,5,
1993-03-28 09:00:00,0.2,500,5,
1993-03-29 09:00:00,0.2,500,5,
1993-03-30 09:00:00,0,500,5,
1993-03-31 09:00:00,1.4,500,5,
1993-04-01 09:00:00,12.8,500,5,
1993-04-02 09:00:00,4,500,5,
1993-04-03 09:00:00,0,500,5,
1993-04-04 09:00:00,0.4,500,5,
1993-04-05 09:00:00,0,500,5,
1993-04-06 09:00:00,3.6,500,5,
1993-04-07 09:00:00,0,500,5,
1993-04-08 09:00:00,0,500,5,
1993-04-09 09:00:00,0,500,5,
1993-04-10 09:00:00,2.6,500,5,
1993-04-11 09:00:00,1.4,500,5,
1993-04-12 09:00:00,0,500,5,
1993-04-13 09:00:00,0.2,500,5,
1993-04-14 09:00:00,1.6,500,5,
1993-04-15 09:00:00,0,500,5,
1993-04-16 09:00:00,0.2,500,5,
1993-04-17 09:00:00,0.4,500,5,
1993-04-18 09:00:00,0.4,500,5,
1993-04-19 09:00:00,0,500,5,
1993-04-20 09:00:00,0,500,5,
1993-04-21 09:00:00,0,500,5,
1993-04-22 09:00:00,7.2,500,5,
1993-04-23 09:00:00,0,500,5,
1993-04-24 09:00:00,0,500,5,
1993-04-25 09:00:00,6.6,500,5,
1993-04-26 09:00:00,0.4,500,5,
1993-04-27 09:00:00,1.8,500,5,
1993-04-28 09:00:00,33.2,500,5,
1993-04-29 09:00:00,0,500,5,
1993-04-30 09:00:00,0,500,5,
1993-05-01 09:00:00,10,500,5,
1993-05-02 09:00:00,0,500,5,
1993-05-03 09:00:00,0,500,5,
1993-05-04 09:00:00,0,500,5,
1993-05-05 09:00:00,0,500,5,
1993-05-06 09:00:00,6.8,500,5,
1993-05-07 09:00:00,0.2,500,5,
1993-05-08 09:00:00,0,500,5,
1993-05-12 09:00:00,0,500,5,
1993-05-13 09:00:00,1,500,5,
1993-05-14 09:00:00,1,500,5,
1993-05-15 09:00:00,0,500,5,
1993-05-16 09:00:00,23.4,500,5,
1993-05-17 09:00:00,14.8,500,5,
1993-05-18 09:00:00,6.2,500,5,
1993-05-19 09:00:00,0.4,500,5,
1993-05-20 09:00:00,0.2,500,5,
1993-05-21 09:00:00,0.8,500,5,
1993-05-22 09:00:00,0.4,500,5,
1993-05-23 09:00:00,0.2,500,5,
1993-05-24 09:00:00,0.2,500,5,
1993-05-25 09:00:00,0,500,5,
1993-05-26 09:00:00,1.6,500,5,
1993-05-27 09:00:00,3.2,500,5,
1993-05-28 09:00:00,0.8,500,5,
1993-05-29 09:00:00,1,500,5,
1993-05-30 09:00:00,0,500,5,
1993-05-31 09:00:00,0,500,5,
1993-06-01 09:00:00,0,500,5,
1993-06-02 09:00:00,0,500,5,
1993-06-03 09:00:00,0.2,500,5,
1993-06-04 09:00:00,0.4,500,5,
1993-06-05 09:00:00,0.8,500,5,
1993-06-06 09:00:00,79.61,500,5,
1993-06-07 09:00:00,0.4,500,5,
1993-06-08 09:00:00,4,500,5,
1993-06-09 09:00:00,1.6,500,5,
1993-06-10 09:00:00,0.4,500,5,
1993-06-11 09:00:00,0.2,500,5,
1993-06-12 09:00:00,0.2,500,5,
1993-06-13 09:00:00,15,500,5,
1993-06-14 09:00:00,11.4,500,5,
1993-06-15 09:00:00,8.39,500,5,
1993-06-16 09:00:00,1.6,500,5,
1993-06-17 09:00:00,0.2,500,5,
1993-06-18 09:00:00,0,500,5,
1993-06-19 09:00:00,0,500,5,
1993-06-20 09:00:00,2.4,500,5,
1993-06-21 09:00:00,6.4,500,5,
1993-06-22 09:00:00,0,500,5,
1993-06-23 09:00:00,10.6,500,5,
1993-06-24 09:00:00,0,500,5,
1993-06-25 09:00:00,5.61,500,5,
1993-06-26 09:00:00,8.6,500,5,
1993-06-27 09:00:00,1.4,500,5,
1993-06-28 09:00:00,3.6,500,5,
1993-06-29 09:00:00,19,500,5,
1993-06-30 09:00:00,1.8,500,5,
1993-07-01 09:00:00,0,500,5,
1993-07-02 09:00:00,0,500,5,
1993-07-03 09:00:00,0,500,5,
1993-07-04 09:00:00,0,500,5,
1993-07-05 09:00:00,0.6,500,5,
1993-07-06 09:00:00,0,500,5,
1993-07-07 09:00:00,0.2,500,5,
1993-07-08 09:00:00,0,500,5,
1993-07-09 09:00:00,0,500,5,
1993-07-10 09:00:00,0,500,5,
1993-07-11 09:00:00,0,500,5,
1993-07-12 09:00:00,0.2,500,5,
1993-07-13 09:00:00,0.4,500,5,
1993-07-14 09:00:00,0,500,5,
1993-07-19 09:00:00,0,500,5,
1993-07-20 09:00:00,11.2,500,5,
1993-07-21 09:00:00,0.8,500,5,
1993-07-22 09:00:00,4.6,500,5,
1993-07-23 09:00:00,1,500,5,
1993-07-24 09:00:00,6.6,500,5,
1993-07-25 09:00:00,4.8,500,5,
1993-07-26 09:00:00,0.2,500,5,
1993-07-27 09:00:00,0,500,5,
1993-07-28 09:00:00,0,500,5,
1993-07-29 09:00:00,0,500,5,
1993-07-30 09:00:00,0.4,500,5,
1993-07-31 09:00:00,0,500,5,
1993-08-01 09:00:00,0.2,500,5,
1993-08-02 09:00:00,5.4,500,5,
1993-08-03 09:00:00,13.2,500,5,
1993-08-04 09:00:00,8.2,500,5,
1993-08-05 09:00:00,0.2,500,5,
1993-08-06 09:00:00,0,500,5,
1993-08-07 09:00:00,0,500,5,
1993-08-08 09:00:00,0,500,5,
1993-08-09 09:00:00,2.2,500,5,
1993-08-10 09:00:00,1,500,5,
1993-08-11 09:00:00,0,500,5,
1993-08-15 09:00:00,0,500,5,
1993-08-16 09:00:00,5.2,500,5,
1993-08-17 09:00:00,0,500,5,
1993-08-18 09:00:00,14.4,500,5,
1993-08-19 09:00:00,1.6,500,5,
1993-08-20 09:00:00,0,500,5,
1993-08-21 09:00:00,1,500,5,
1993-08-22 09:00:00,6.2,500,5,
1993-08-23 09:00:00,10.6,500,5,
1993-08-24 09:00:00,4,500,5,
1993-08-25 09:00:00,0,500,5,
1993-08-26 09:00:00,0.8,500,5,
1993-08-27 09:00:00,0.2,500,5,
1993-08-28 09:00:00,0,500,5,
1993-08-29 09:00:00,31.4,500,5,
1993-08-30 09:00:00,15,500,5,
1993-08-31 09:00:00,0,500,5,
1993-09-01 09:00:00,0,500,5,
1993-09-02 09:00:00,0,500,5,
1993-09-03 09:00:00,0,500,5,
1993-09-04 09:00:00,2.6,500,5,
1993-09-05 09:00:00,4.8,500,5,
1993-09-06 09:00:00,0.6,500,5,
1993-09-07 09:00:00,0,500,5,
1993-09-11 09:00:00,0,500,5,
1993-09-12 09:00:00,0.6,500,5,
1993-09-13 09:00:00,1.2,500,5,
1993-09-14 09:00:00,0,500,5,
1993-09-15 09:00:00,0,500,5,
1993-09-16 09:00:00,0,500,5,
1993-09-17 09:00:00,2.4,500,5,
1993-09-18 09:00:00,0,500,5,
1993-09-19 09:00:00,18.2,500,5,
1993-09-20 09:00:00,9,500,5,
1993-09-21 09:00:00,0,500,5,
1993-09-22 09:00:00,0,500,5,
1993-09-23 09:00:00,19.4,500,5,
1993-09-24 09:00:00,1.6,500,5,
1993-09-25 09:00:00,4.8,500,5,
1993-09-26 09:00:00,2,500,5,
1993-09-27 09:00:00,1.6,500,5,
1993-09-28 09:00:00,0.6,500,5,
1993-09-29 09:00:00,0,500,5,
1993-09-30 09:00:00,2.4,500,5,
1993-10-01 09:00:00,0.2,500,5,
1993-10-02 09:00:00,0,500,5,
1993-10-09 09:00:00,0,500,5,
1993-10-11 08:00:00,0,500,5,
1993-10-12 08:00:00,10.2,500,5,
1993-10-13 08:00:00,0.6,500,5,
1993-10-14 08:00:00,0.2,500,5,
1993-10-15 08:00:00,0.4,500,5,
1993-10-16 08:00:00,0,500,5,
1993-10-17 08:00:00,0,500,5,
1993-10-18 08:00:00,0,500,5,
1993-10-19 08:00:00,3.2,500,5,
1993-10-20 08:00:00,6,500,5,
1993-10-21 08:00:00,0,500,5,
1993-10-22 08:00:00,0.2,500,5,
1993-10-23 08:00:00,0,500,5,
1993-10-24 08:00:00,0.6,500,5,
1993-10-25 08:00:00,0,500,5,
1993-10-29 08:00:00,0,500,5,
1993-10-30 08:00:00,0.8,500,5,
1993-10-31 08:00:00,0.2,500,5,
1993-11-01 08:00:00,0.4,500,5,
1993-11-02 08:00:00,0.2,500,5,
1993-11-03 08:00:00,17.2,500,5,
1993-11-04 08:00:00,0,500,5,
1993-11-05 08:00:00,2,500,5,
1993-11-06 08:00:00,8.4,500,5,
1993-11-07 08:00:00,11.4,500,5,
1993-11-08 08:00:00,2,500,5,
1993-11-09 08:00:00,3.2,500,5,
1993-11-10 08:00:00,0,500,5,
1993-11-11 08:00:00,2.4,500,5,
1993-11-12 08:00:00,6.8,500,5,
1993-11-13 08:00:00,0,500,5,
1993-11-14 08:00:00,0,500,5,
1993-11-15 08:00:00,0,500,5,
1993-11-16 08:00:00,0,500,5,
1993-11-17 08:00:00,0.6,500,5,
1993-11-18 08:00:00,1.8,500,5,
1993-11-19 08:00:00,0,500,5,
1993-11-20 08:00:00,0,500,5,
1993-11-21 08:00:00,3.6,500,5,
1993-11-22 08:00:00,6,500,5,
1993-11-23 08:00:00,0,500,5,
1993-11-24 08:00:00,0,500,5,
1993-11-25 08:00:00,2.8,500,5,
1993-11-26 08:00:00,0,500,5,
1993-11-27 08:00:00,0,500,5,
1993-11-28 08:00:00,0,500,5,
1993-11-29 08:00:00,2.4,500,5,
1993-11-30 08:00:00,0,500,5,
1993-12-01 08:00:00,0,500,5,
1993-12-02 08:00:00,0.2,500,5,
1993-12-03 08:00:00,1,500,5,
1993-12-04 08:00:00,0,500,5,
1993-12-05 08:00:00,0,500,5,
1993-12-06 08:00:00,0.8,500,5,
1993-12-07 08:00:00,21.6,500,5,
1993-12-08 08:00:00,0.4,500,5,
1993-12-09 08:00:00,0,500,5,
1993-12-16 08:00:00,0,500,5,
1993-12-17 08:00:00,0,500,5,
1993-12-18 08:00:00,4.6,500,5,
1993-12-19 08:00:00,1.4,500,5,
1993-12-20 08:00:00,0.2,500,5,
1993-12-21 08:00:00,0,500,5,
1993-12-22 08:00:00,1.4,500,5,
1993-12-23 08:00:00,6.6,500,5,
1993-12-24 08:00:00,1.6,500,5,
1993-12-25 08:00:00,0,500,5,
1993-12-26 08:00:00,1.6,500,5,
1993-12-27 08:00:00,2.4,500,5,
1993-12-28 08:00:00,0,500,5,
1993-12-29 08:00:00,0,500,5,
1993-12-30 08:00:00,0,500,5,
1993-12-31 08:00:00,3.6,500,5,
1994-01-01 08:00:00,0,500,5,
1994-01-02 08:00:00,0,500,5,
1994-01-03 08:00:00,19,500,5,
1994-01-04 08:00:00,0,500,5,
1994-01-05 08:00:00,15,500,5,
1994-01-06 08:00:00,1.8,500,5,
1994-01-07 08:00:00,0,500,5,
1994-01-08 08:00:00,1,500,5,
1994-01-09 08:00:00,0,500,5,
1994-01-11 08:00:00,0.2,500,5,
1994-01-12 08:00:00,0.8,500,5,
1994-01-13 08:00:00,2.6,500,5,
1994-01-14 08:00:00,3.2,500,5,
1994-01-15 08:00:00,0,500,5,
1994-01-18 08:00:00,0,500,5,
1994-01-19 08:00:00,0,500,5,
1994-01-26 08:00:00,0,500,5,
1994-02-02 08:00:00,0,500,5,
1994-02-03 08:00:00,0.6,500,5,
1994-02-04 08:00:00,9,500,5,
1994-02-05 08:00:00,7.8,500,5,
1994-02-06 08:00:00,0,500,5,
1994-02-12 08:00:00,0,500,5,
1994-02-13 08:00:00,0.2,500,5,
1994-02-14 08:00:00,0,500,5,
1994-02-15 08:00:00,0,500,5,
1994-02-16 08:00:00,3.8,500,5,
1994-02-17 08:00:00,0.6,500,5,
1994-02-18 08:00:00,13.8,500,5,
1994-02-19 08:00:00,0.6,500,5,
1994-02-20 08:00:00,0,500,5,
1994-02-21 08:00:00,10.4,500,5,
1994-02-22 08:00:00,0,500,5,
1994-02-23 08:00:00,0,500,5,
1994-02-24 08:00:00,0,500,5,
1994-02-25 08:00:00,0.2,500,5,
1994-02-26 08:00:00,0,500,5,
1994-02-27 08:00:00,0,500,5,
1994-02-28 08:00:00,0,500,5,
1994-03-01 08:00:00,0,500,5,
1994-03-02 08:00:00,3,500,5,
1994-03-03 08:00:00,0,500,5,
1994-03-04 08:00:00,0.4,500,5,
1994-03-05 08:00:00,0,500,5,
1994-03-06 08:00:00,0,500,5,
1994-03-07 08:00:00,0,500,5,
1994-03-08 08:00:00,5,500,5,
1994-03-09 08:00:00,0.8,500,5,
1994-03-10 08:00:00,0,500,5,
1994-03-11 08:00:00,0,500,5,
1994-03-12 08:00:00,0,500,5,
1994-03-13 08:00:00,0,500,5,
1994-03-14 08:00:00,3.2,500,5,
1994-03-15 08:00:00,0.8,500,5,
1994-03-16 08:00:00,12.8,500,5,
1994-03-17 08:00:00,1.4,500,5,
1994-03-18 08:00:00,0,500,5,
1994-03-19 08:00:00,24.8,500,5,
1994-03-20 09:00:00,3.4,500,5,
1994-03-21 09:00:00,0,500,5,
1994-03-22 09:00:00,0,500,5,
1994-03-23 09:00:00,0,500,5,
1994-03-24 09:00:00,1.4,500,5,
1994-03-25 09:00:00,0,500,5,
1994-04-01 09:00:00,0,500,5,
1994-04-02 09:00:00,0,500,5,
1994-04-03 09:00:00,16.4,500,5,
1994-04-04 09:00:00,3,500,5,
1994-04-05 09:00:00,0,500,5,
1994-04-09 09:00:00,0,500,5,
1994-04-10 09:00:00,4.6,500,5,
1994-04-11 09:00:00,0,500,5,
1994-04-12 09:00:00,8.6,500,5,
1994-04-13 09:00:00,0,500,5,
1994-04-14 09:00:00,23.6,500,5,
1994-04-15 09:00:00,4,500,5,
1994-04-16 09:00:00,19.2,500,5,
1994-04-17 09:00:00,0,500,5,
1994-04-18 09:00:00,0,500,5,
1994-04-19 09:00:00,0,500,5,
1994-04-20 09:00:00,0.2,500,5,
1994-04-21 09:00:00,1.2,500,5,
1994-04-22 09:00:00,1.8,500,5,
1994-04-23 09:00:00,3.6,500,5,
1994-04-24 09:00:00,0.2,500,5,
1994-04-25 09:00:00,0,500,5,
1994-04-29 09:00:00,0,500,5,
1994-04-30 09:00:00,0.2,500,5,
1994-05-01 09:00:00,0.4,500,5,
1994-05-02 09:00:00,0.2,500,5,
1994-05-03 09:00:00,0,500,5,
1994-05-04 09:00:00,0,500,5,
1994-05-05 09:00:00,0,500,5,
1994-05-06 09:00:00,0,500,5,
1994-05-07 09:00:00,2.4,500,5,
1994-05-08 09:00:00,0,500,5,
1994-05-09 09:00:00,0,500,5,
1994-05-10 09:00:00,0,500,5,
1994-05-11 09:00:00,5.2,500,5,
1994-05-12 09:00:00,4.6,500,5,
1994-05-13 09:00:00,3,500,5,
1994-05-14 09:00:00,1.4,500,5,
1994-05-15 09:00:00,0,500,5,
1994-05-16 09:00:00,1.4,500,5,
1994-05-17 09:00:00,0.6,500,5,
1994-05-18 09:00:00,1.6,500,5,
1994-05-19 09:00:00,0.8,500,5,
1994-05-20 09:00:00,3.6,500,5,
1994-05-21 09:00:00,7,500,5,
1994-05-22 09:00:00,3.2,500,5,
1994-05-23 09:00:00,0,500,5,
1994-05-24 09:00:00,9,500,5,
1994-05-25 09:00:00,5,500,5,
1994-05-26 09:00:00,0.2,500,5,
1994-05-27 09:00:00,6,500,5,
1994-05-28 09:00:00,3.6,500,5,
1994-05-29 09:00:00,2.8,500,5,
1994-05-30 09:00:00,0,500,5,
1994-06-06 09:00:00,0,500,5,
1994-06-08 09:00:00,0,500,5,
1994-06-09 09:00:00,0.2,500,5,
1994-06-10 09:00:00,0,500,5,
1994-06-11 09:00:00,13.4,500,5,
1994-06-12 09:00:00,0,500,5,
1994-06-13 09:00:00,0.4,500,5,
1994-06-14 09:00:00,0.2,500,5,
1994-06-15 09:00:00,0,500,5,
1994-06-16 09:00:00,6.4,500,5,
1994-06-17 09:00:00,1.6,500,5,
1994-06-18 09:00:00,3.8,500,5,
1994-06-19 09:00:00,2.4,500,5,
1994-06-20 09:00:00,4.8,500,5,
1994-06-21 09:00:00,13,500,5,
1994-06-22 09:00:00,5.4,500,5,
1994-06-23 09:00:00,0.4,500,5,
1994-06-24 09:00:00,0,500,5,
1994-06-25 09:00:00,0,500,5,
1994-06-26 09:00:00,4.8,500,5,
1994-06-27 09:00:00,8.6,500,5,
1994-06-28 09:00:00,0.8,500,5,
1994-06-29 09:00:00,1,500,5,
1994-06-30 09:00:00,0,500,5,
1994-07-01 09:00:00,0.2,500,5,
1994-07-02 09:00:00,2.6,500,5,
1994-07-03 09:00:00,0.4,500,5,
1994-07-04 09:00:00,0.2,500,5,
1994-07-05 09:00:00,0,500,5,
1994-07-06 09:00:00,5,500,5,
1994-07-07 09:00:00,9,500,5,
1994-07-08 09:00:00,0.2,500,5,
1994-07-09 09:00:00,14.6,500,5,
1994-07-10 09:00:00,0,500,5,
1994-07-11 09:00:00,8.8,500,5,
1994-07-12 09:00:00,7.2,500,5,
1994-07-13 09:00:00,9,500,5,
1994-07-14 09:00:00,0.2,500,5,
1994-07-15 09:00:00,0,500,5,
1994-07-16 09:00:00,0,500,5,
1994-07-17 09:00:00,0,500,5,
1994-07-18 09:00:00,23.4,500,5,
1994-07-19 09:00:00,5,500,5,
1994-07-20 09:00:00,4,500,5,
1994-07-21 09:00:00,0.6,500,5,
1994-07-22 09:00:00,0.2,500,5,
1994-07-23 09:00:00,11.8,500,5,
1994-07-24 09:00:00,0.4,500,5,
1994-07-25 09:00:00,38.4,500,5,
1994-07-26 09:00:00,27.8,500,5,
1994-07-27 09:00:00,2.6,500,5,
1994-07-28 09:00:00,1.8,500,5,
1994-07-29 09:00:00,0.6,500,5,
1994-07-30 09:00:00,0.2,500,5,
1994-07-31 09:00:00,0.8,500,5,
1994-08-01 09:00:00,0.2,500,5,
1994-08-02 09:00:00,4.4,500,5,
1994-08-03 09:00:00,12.2,500,5,
1994-08-04 09:00:00,0.2,500,5,
1994-08-05 09:00:00,1.2,500,5,
1994-08-06 09:00:00,1.2,500,5,
1994-08-07 09:00:00,3,500,5,
1994-08-08 09:00:00,0,500,5,
1994-08-09 09:00:00,3.4,500,5,
1994-08-10 09:00:00,13.6,500,5,
1994-08-11 09:00:00,1,500,5,
1994-08-12 09:00:00,1.8,500,5,
1994-08-13 09:00:00,0,500,5,
1994-08-14 09:00:00,0.2,500,5,
1994-08-15 09:00:00,1.8,500,5,
1994-08-16 09:00:00,7.8,500,5,
1994-08-17 09:00:00,0,500,5,
1994-08-18 09:00:00,0.8,500,5,
1994-08-19 09:00:00,7.4,500,5,
1994-08-20 09:00:00,1.6,500,5,
1994-08-21 09:00:00,0.2,500,5,
1994-08-22 09:00:00,0.4,500,5,
1994-08-23 09:00:00,0.4,500,5,
1994-08-24 09:00:00,0,500,5,
1994-08-25 09:00:00,19.2,500,5,
1994-08-26 09:00:00,0.4,500,5,
1994-08-27 09:00:00,0.8,500,5,
1994-08-28 09:00:00,0.6,500,5,
1994-08-29 09:00:00,0,500,5,
1994-08-30 09:00:00,0,500,5,
1994-08-31 09:00:00,1.8,500,5,
1994-09-01 09:00:00,1.4,500,5,
1994-09-02 09:00:00,0.4,500,5,
1994-09-03 09:00:00,20.2,500,5,
1994-09-04 09:00:00,0.4,500,5,
1994-09-05 09:00:00,24.4,500,5,
1994-09-06 09:00:00,0,500,5,
1994-09-07 09:00:00,0,500,5,
1994-09-08 09:00:00,12.6,500,5,
1994-09-09 09:00:00,3.6,500,5,
1994-09-10 09:00:00,1.6,500,5,
1994-09-11 09:00:00,0.4,500,5,
1994-09-12 09:00:00,0.4,500,5,
1994-09-13 09:00:00,0.2,500,5,
1994-09-14 09:00:00,0.2,500,5,
1994-09-15 09:00:00,0,500,5,
1994-09-16 09:00:00,13.8,500,5,
1994-09-17 09:00:00,22.8,500,5,
1994-09-18 09:00:00,0.2,500,5,
1994-09-19 09:00:00,0,500,5,
1994-09-20 09:00:00,0,500,5,
1994-09-21 09:00:00,16.2,500,5,
1994-09-22 09:00:00,1.2,500,5,
1994-09-23 09:00:00,5.4,500,5,
1994-09-24 09:00:00,0.2,500,5,
1994-09-25 09:00:00,9.2,500,5,
1994-09-26 09:00:00,2.4,500,5,
1994-09-27 09:00:00,8.4,500,5,
1994-09-28 09:00:00,0.8,500,5,
1994-09-29 09:00:00,21.4,500,5,
1994-09-30 09:00:00,11,500,5,
1994-10-01 09:00:00,0,500,5,
1994-10-02 08:00:00,15.4,500,5,
1994-10-03 08:00:00,0,500,5,
1994-10-04 08:00:00,0.6,500,5,
1994-10-05 08:00:00,15.6,500,5,
1994-10-06 08:00:00,0,500,5,
1994-10-07 08:00:00,8.2,500,5,
1994-10-08 08:00:00,1.4,500,5,
1994-10-09 08:00:00,0,500,5,
1994-10-10 08:00:00,18,500,5,
1994-10-11 08:00:00,1.2,500,5,
1994-10-12 08:00:00,1.4,500,5,
1994-10-13 08:00:00,5,500,5,
1994-10-14 08:00:00,1.2,500,5,
1994-10-15 08:00:00,7,500,5,
1994-10-16 08:00:00,0,500,5,
1994-10-17 08:00:00,0.4,500,5,
1994-10-18 08:00:00,0,500,5,
1994-10-19 08:00:00,0,500,5,
1994-10-20 08:00:00,0.6,500,5,
1994-10-21 08:00:00,0.2,500,5,
1994-10-22 08:00:00,0,500,5,
1994-10-23 08:00:00,0,500,5,
1994-10-24 08:00:00,11.4,500,5,
1994-10-25 08:00:00,14.8,500,5,
1994-10-26 08:00:00,21.2,500,5,
1994-10-27 08:00:00,0,500,5,
1994-10-28 08:00:00,0,500,5,
1994-10-29 08:00:00,0.2,500,5,
1994-10-30 08:00:00,0,500,5,
1994-10-31 08:00:00,0,500,5,
1994-11-01 08:00:00,20.4,500,5,
1994-11-02 08:00:00,0,500,5,
1994-11-06 08:00:00,0,500,5,
1994-11-07 08:00:00,1.6,500,5,
1994-11-08 08:00:00,0.2,500,5,
1994-11-09 08:00:00,10.4,500,5,
1994-11-10 08:00:00,1.2,500,5,
1994-11-11 08:00:00,0,500,5,
1994-11-12 08:00:00,0,500,5,
1994-11-13 08:00:00,0.4,500,5,
1994-11-14 08:00:00,0,500,5,
1994-11-15 08:00:00,0,500,5,
1994-11-16 08:00:00,0.2,500,5,
1994-11-17 08:00:00,3,500,5,
1994-11-18 08:00:00,0,500,5,
1994-11-19 08:00:00,0.6,500,5,
1994-11-20 08:00:00,0,500,5,
1994-11-21 08:00:00,0,500,5,
1994-11-22 08:00:00,0.6,500,5,
1994-11-23 08:00:00,6.8,500,5,
1994-11-24 08:00:00,0,500,5,
1994-12-01 08:00:00,0,500,5,
1994-12-08 08:00:00,0,500,5,
1994-12-10 08:00:00,0,500,5,
1994-12-11 08:00:00,1.6,500,5,
1994-12-12 08:00:00,0,500,5,
1994-12-13 08:00:00,0,500,5,
1994-12-14 08:00:00,0,500,5,
1994-12-15 08:00:00,0.4,500,5,
1994-12-16 08:00:00,0,500,5,
1994-12-17 08:00:00,0,500,5,
1994-12-18 08:00:00,0,500,5,
1994-12-19 08:00:00,1.2,500,5,
1994-12-20 08:00:00,0,500,5,
1994-12-21 08:00:00,0.4,500,5,
1994-12-22 08:00:00,0,500,5,
1994-12-23 08:00:00,2.8,500,5,
1994-12-24 08:00:00,0,500,5,
1994-12-25 08:00:00,5.4,500,5,
1994-12-26 08:00:00,0,500,5,
1994-12-31 08:00:00,0,500,5,
1995-01-01 08:00:00,0.4,500,5,
1995-01-02 08:00:00,0,500,5,
1995-01-08 08:00:00,0,500,5,
1995-01-09 08:00:00,2.6,500,5,
1995-01-10 08:00:00,4.6,500,5,
1995-01-11 08:00:00,3.8,500,5,
1995-01-12 08:00:00,3.8,500,5,
1995-01-13 08:00:00,0,500,5,
1995-01-14 08:00:00,0,500,5,
1995-01-15 08:00:00,0,500,5,
1995-01-16 08:00:00,0,500,5,
1995-01-17 08:00:00,0.6,500,5,
1995-01-18 08:00:00,0,500,5,
1995-01-19 08:00:00,5.6,500,5,
1995-01-20 08:00:00,1.6,500,5,
1995-01-21 08:00:00,2.2,500,5,
1995-01-22 08:00:00,5.4,500,5,
1995-01-23 08:00:00,0.8,500,5,
1995-01-24 08:00:00,0,500,5,
1995-01-25 08:00:00,0,500,5,
1995-01-26 08:00:00,1,500,5,
1995-01-27 08:00:00,0,500,5,
1995-01-28 08:00:00,27.8,500,5,
1995-01-29 08:00:00,3.8,500,5,
1995-01-30 08:00:00,0,500,5,
1995-01-31 08:00:00,0,500,5,
1995-02-01 08:00:00,0,500,5,
1995-02-02 08:00:00,0.2,500,5,
1995-02-03 08:00:00,4.2,500,5,
1995-02-04 08:00:00,0.6,500,5,
1995-02-05 08:00:00,0,500,5,
1995-02-06 08:00:00,0.2,500,5,
1995-02-07 08:00:00,0.2,500,5,
1995-02-08 08:00:00,0.4,500,5,
1995-02-09 08:00:00,0,500,5,
1995-02-10 08:00:00,0,500,5,
1995-02-11 08:00:00,8,500,5,
1995-02-12 08:00:00,1,500,5,
1995-02-13 08:00:00,0,500,5,
1995-02-20 08:00:00,0,500,5,
1995-02-21 08:00:00,0,500,5,
1995-02-22 08:00:00,2.4,500,5,
1995-02-23 08:00:00,24.6,500,5,
1995-02-24 08:00:00,1.6,500,5,
1995-02-25 08:00:00,0,500,5,
1995-02-26 08:00:00,0,500,5,
1995-02-27 08:00:00,19.2,500,5,
1995-02-28 08:00:00,0,500,5,
1995-03-01 08:00:00,0,500,5,
1995-03-02 08:00:00,0,500,5,
1995-03-03 08:00:00,5.4,500,5,
1995-03-04 08:00:00,15.2,500,5,
1995-03-05 08:00:00,1,500,5,
1995-03-06 08:00:00,0,500,5,
1995-03-10 08:00:00,0,500,5,
1995-03-11 08:00:00,20.8,500,5,
1995-03-12 08:00:00,1,500,5,
1995-03-13 08:00:00,27.2,500,5,
1995-03-14 08:00:00,1.2,500,5,
1995-03-15 08:00:00,0,500,5,
1995-03-16 08:00:00,4,500,5,
1995-03-17 08:00:00,1.2,500,5,
1995-03-18 08:00:00,3,500,5,
1995-03-19 09:00:00,1,500,5,
1995-03-20 09:00:00,0.2,500,5,
1995-03-21 09:00:00,1.2,500,5,
1995-03-22 09:00:00,0.8,500,5,
1995-03-23 09:00:00,0.2,500,5,
1995-03-24 09:00:00,0,500,5,
1995-03-28 09:00:00,0,500,5,
1995-03-29 09:00:00,0.4,500,5,
1995-03-30 09:00:00,75.2,500,5,
1995-03-31 09:00:00,6,500,5,
1995-04-01 09:00:00,5,500,5,
1995-04-02 09:00:00,0,500,5,
1995-04-03 09:00:00,11.4,500,5,
1995-04-04 09:00:00,0,500,5,
1995-04-05 09:00:00,0,500,5,
1995-04-06 09:00:00,1.2,500,5,
1995-04-07 09:00:00,1.4,500,5,
1995-04-08 09:00:00,16.2,500,5,
1995-04-09 09:00:00,0.2,500,5,
1995-04-10 09:00:00,10.4,500,5,
1995-04-11 09:00:00,0,500,5,
1995-04-12 09:00:00,6.8,500,5,
1995-04-13 09:00:00,3.6,500,5,
1995-04-14 09:00:00,0,500,5,
1995-04-15 09:00:00,1.6,500,5,
1995-04-16 09:00:00,5.2,500,5,
1995-04-17 09:00:00,0,500,5,
1995-04-18 09:00:00,1.6,500,5,
1995-04-19 09:00:00,4.6,500,5,
1995-04-20 09:00:00,1.2,500,5,
1995-04-21 09:00:00,0,500,5,
1995-04-22 09:00:00,0,500,5,
1995-04-23 09:00:00,4,500,5,
1995-04-24 09:00:00,0.4,500,5,
1995-04-25 09:00:00,13.6,500,5,
1995-04-26 09:00:00,0.2,500,5,
1995-04-27 09:00:00,9,500,5,
1995-04-28 09:00:00,0,500,5,
1995-04-29 09:00:00,0,500,5,
1995-04-30 09:00:00,0,500,5,
1995-05-01 09:00:00,5.6,500,5,
1995-05-02 09:00:00,3.2,500,5,
1995-05-03 09:00:00,0,500,5,
1995-05-04 09:00:00,1.8,500,5,
1995-05-05 09:00:00,0.4,500,5,
1995-05-06 09:00:00,4.8,500,5,
1995-05-07 09:00:00,3.6,500,5,
1995-05-08 09:00:00,8,500,5,
1995-05-09 09:00:00,0,500,5,
1995-05-10 09:00:00,3.2,500,5,
1995-05-11 09:00:00,0,500,5,
1995-05-12 09:00:00,0,500,5,
1995-05-13 09:00:00,0.8,500,5,
1995-05-14 09:00:00,0.2,500,5,
1995-05-15 09:00:00,0,500,5,
1995-05-16 09:00:00,0.2,500,5,
1995-05-17 09:00:00,3.4,500,5,
1995-05-18 09:00:00,0,500,5,
1995-05-19 09:00:00,0.8,500,5,
1995-05-20 09:00:00,0,500,5,
1995-05-21 09:00:00,0.4,500,5,
1995-05-22 09:00:00,4,500,5,
1995-05-23 09:00:00,12,500,5,
1995-05-24 09:00:00,0,500,5,
1995-05-25 09:00:00,0,500,5,
1995-05-26 09:00:00,0,500,5,
1995-05-27 09:00:00,0,500,5,
1995-05-28 09:00:00,2,500,5,
1995-05-29 09:00:00,17.4,500,5,
1995-05-30 09:00:00,14.4,500,5,
1995-05-31 09:00:00,9,500,5,
1995-06-01 09:00:00,12.4,500,5,
1995-06-02 09:00:00,8.4,500,5,
1995-06-03 09:00:00,18.2,500,5,
1995-06-04 09:00:00,5.8,500,5,
1995-06-05 09:00:00,0.2,500,5,
1995-06-06 09:00:00,1,500,5,
1995-06-07 09:00:00,1,500,5,
1995-06-08 09:00:00,0.4,500,5,
1995-06-09 09:00:00,0.2,500,5,
1995-06-10 09:00:00,11.6,500,5,
1995-06-11 09:00:00,0,500,5,
1995-06-12 09:00:00,28.8,500,5,
1995-06-13 09:00:00,0.4,500,5,
1995-06-14 09:00:00,0.2,500,5,
1995-06-15 09:00:00,0.8,500,5,
1995-06-16 09:00:00,5,500,5,
1995-06-17 09:00:00,0,500,5,
1995-06-18 09:00:00,5.2,500,5,
1995-06-19 09:00:00,2.4,500,5,
1995-06-20 09:00:00,0.8,500,5,
1995-06-21 09:00:00,0,500,5,
1995-06-22 09:00:00,5,500,5,
1995-06-23 09:00:00,2.4,500,5,
1995-06-24 09:00:00,0,500,5,
1995-06-25 09:00:00,0.4,500,5,
1995-06-26 09:00:00,0.8,500,5,
1995-06-27 09:00:00,0.4,500,5,
1995-06-28 09:00:00,11,500,5,
1995-06-29 09:00:00,9.2,500,5,
1995-06-30 09:00:00,12,500,5,
1995-07-01 09:00:00,7.6,500,5,
1995-07-02 09:00:00,0,500,5,
1995-07-03 09:00:00,22.4,500,5,
1995-07-04 09:00:00,0,500,5,
1995-07-05 09:00:00,0,500,5,
1995-07-06 09:00:00,4.2,500,5,
1995-07-07 09:00:00,6.4,500,5,
1995-07-08 09:00:00,4.2,500,5,
1995-07-09 09:00:00,4.8,500,5,
1995-07-10 09:00:00,2.8,500,5,
1995-07-11 09:00:00,6.2,500,5,
1995-07-12 09:00:00,0,500,5,
1995-07-13 09:00:00,49.4,500,5,
1995-07-14 09:00:00,3.2,500,5,
1995-07-15 09:00:00,27,500,5,
1995-07-16 09:00:00,0.6,500,5,
1995-07-17 09:00:00,2.4,500,5,
1995-07-18 09:00:00,1,500,5,
1995-07-19 09:00:00,3.4,500,5,
1995-07-20 09:00:00,14.6,500,5,
1995-07-21 09:00:00,17,500,5,
1995-07-22 09:00:00,15.4,500,5,
1995-07-23 09:00:00,6.4,500,5,
1995-07-24 09:00:00,1.8,500,5,
1995-07-25 09:00:00,4,500,5,
1995-07-26 09:00:00,2,500,5,
1995-07-27 09:00:00,5.6,500,5,
1995-07-28 09:00:00,1.6,500,5,
1995-07-29 09:00:00,0.6,500,5,
1995-07-30 09:00:00,0,500,5,
1995-07-31 09:00:00,0,500,5,
1995-08-01 09:00:00,0.4,500,5,
1995-08-02 09:00:00,0,500,5,
1995-08-03 09:00:00,35.2,500,5,
1995-08-04 09:00:00,3.4,500,5,
1995-08-05 09:00:00,10,500,5,
1995-08-06 09:00:00,2.2,500,5,
1995-08-07 09:00:00,0.2,500,5,
1995-08-08 09:00:00,0,500,5,
1995-08-09 09:00:00,18.8,500,5,
1995-08-10 09:00:00,0.6,500,5,
1995-08-11 09:00:00,3.6,500,5,
1995-08-12 09:00:00,0.2,500,5,
1995-08-13 09:00:00,0.4,500,5,
1995-08-14 09:00:00,1,500,5,
1995-08-15 09:00:00,0.4,500,5,
1995-08-16 09:00:00,0,500,5,
1995-08-17 09:00:00,0.4,500,5,
1995-08-18 09:00:00,1.2,500,5,
1995-08-19 09:00:00,1.4,500,5,
1995-08-20 09:00:00,0.2,500,5,
1995-08-21 09:00:00,0.6,500,5,
1995-08-22 09:00:00,7.8,500,5,
1995-08-23 09:00:00,0.2,500,5,
1995-08-24 09:00:00,0,500,5,
1995-08-25 09:00:00,4.6,500,5,
1995-08-26 09:00:00,0,500,5,
1995-08-27 09:00:00,0,500,5,
1995-08-28 09:00:00,0,500,5,
1995-08-29 09:00:00,2.6,500,5,
1995-08-30 09:00:00,2.2,500,5,
1995-08-31 09:00:00,0,500,5,
1995-09-01 09:00:00,0,500,5,
1995-09-02 09:00:00,0,500,5,
1995-09-03 09:00:00,4.6,500,5,
1995-09-04 09:00:00,0,500,5,
1995-09-05 09:00:00,4.2,500,5,
1995-09-06 09:00:00,8.6,500,5,
1995-09-07 09:00:00,20,500,5,
1995-09-08 09:00:00,3,500,5,
1995-09-09 09:00:00,6.6,500,5,
1995-09-10 09:00:00,0.6,500,5,
1995-09-11 09:00:00,0.4,500,5,
1995-09-12 09:00:00,0,500,5,
1995-09-16 09:00:00,0,500,5,
1995-09-17 09:00:00,0.2,500,5,
1995-09-18 09:00:00,0,500,5,
1995-09-19 09:00:00,1,500,5,
1995-09-20 09:00:00,0,500,5,
1995-09-21 09:00:00,0,500,5,
1995-09-22 09:00:00,0.8,500,5,
1995-09-23 09:00:00,2.4,500,5,
1995-09-24 09:00:00,0,500,5,
1995-09-28 09:00:00,0,500,5,
1995-09-29 09:00:00,9.4,500,5,
1995-09-30 09:00:00,2,500,5,
1995-10-01 08:00:00,1.2,500,5,
1995-10-02 08:00:00,11.6,500,5,
1995-10-03 08:00:00,2.2,500,5,
1995-10-04 08:00:00,0.6,500,5,
1995-10-05 08:00:00,0,500,5,
1995-10-06 08:00:00,26.2,500,5,
1995-10-07 08:00:00,1,500,5,
1995-10-08 08:00:00,0,500,5,
1995-10-09 08:00:00,8.2,500,5,
1995-10-10 08:00:00,17.6,500,5,
1995-10-11 08:00:00,1.6,500,5,
1995-10-12 08:00:00,0.6,500,5,
1995-10-13 08:00:00,13,500,5,
1995-10-14 08:00:00,0,500,5,
1995-10-15 08:00:00,4.6,500,5,
1995-10-16 08:00:00,9,500,5,
1995-10-17 08:00:00,0.6,500,5,
1995-10-18 08:00:00,0,500,5,
1995-10-19 08:00:00,0,500,5,
1995-10-20 08:00:00,0,500,5,
1995-10-21 08:00:00,0,500,5,
1995-10-22 08:00:00,1,500,5,
1995-10-23 08:00:00,1,500,5,
1995-10-24 08:00:00,0,500,5,
1995-10-25 08:00:00,0,500,5,
1995-10-26 08:00:00,5.6,500,5,
1995-10-27 08:00:00,0,500,5,
1995-10-28 08:00:00,4,500,5,
1995-10-29 08:00:00,4.2,500,5,
1995-10-30 08:00:00,0,500,5,
1995-10-31 08:00:00,0,500,5,
1995-11-01 08:00:00,15.4,500,5,
1995-11-02 08:00:00,0,500,5,
1995-11-03 08:00:00,0,500,5,
1995-11-04 08:00:00,2.8,500,5,
1995-11-05 08:00:00,2,500,5,
1995-11-06 08:00:00,0,500,5,
1995-11-07 08:00:00,0,500,5,
1995-11-08 08:00:00,0,500,5,
1995-11-09 08:00:00,0,500,5,
1995-11-10 08:00:00,24.4,500,5,
1995-11-11 08:00:00,0,500,5,
1995-11-12 08:00:00,0.2,500,5,
1995-11-13 08:00:00,0,500,5,
1995-11-14 08:00:00,22.8,500,5,
1995-11-15 08:00:00,2.6,500,5,
1995-11-16 08:00:00,0,500,5,
1995-11-17 08:00:00,0,500,5,
1995-11-18 08:00:00,0.6,500,5,
1995-11-19 08:00:00,0,500,5,
1995-11-20 08:00:00,0,500,5,
1995-11-21 08:00:00,10.4,500,5,
1995-11-22 08:00:00,0,500,5,
1995-11-23 08:00:00,0,500,5,
1995-11-24 08:00:00,0.4,500,5,
1995-11-25 08:00:00,13,500,5,
1995-11-26 08:00:00,4.8,500,5,
1995-11-27 08:00:00,7.2,500,5,
1995-11-28 08:00:00,0.2,500,5,
1995-11-29 08:00:00,0,500,5,
1995-12-06 08:00:00,0,500,5,
1995-12-08 08:00:00,0,500,5,
1995-12-09 08:00:00,0.8,500,5,
1995-12-10 08:00:00,0,500,5,
1995-12-11 08:00:00,0.2,500,5,
1995-12-12 08:00:00,0,500,5,
1995-12-13 08:00:00,0,500,5,
1995-12-14 08:00:00,0,500,5,
1995-12-15 08:00:00,25.6,500,5,
1995-12-16 08:00:00,4.4,500,5,
1995-12-17 08:00:00,24.2,500,5,
1995-12-18 08:00:00,11,500,5,
1995-12-19 08:00:00,0.4,500,5,
1995-12-20 08:00:00,0,500,5,
1995-12-21 08:00:00,0,500,5,
1995-12-22 08:00:00,0.2,500,5,
1995-12-23 08:00:00,30,500,5,
1995-12-24 08:00:00,0.8,500,5,
1995-12-25 08:00:00,2.8,500,5,
1995-12-26 08:00:00,2.2,500,5,
1995-12-27 08:00:00,0.6,500,5,
1995-12-28 08:00:00,0,500,5,
1996-01-04 08:00:00,0,500,5,
1996-01-11 08:00:00,0,500,5,
1996-01-12 08:00:00,0,500,5,
1996-01-13 08:00:00,6.8,500,5,
1996-01-14 08:00:00,16.4,500,5,
1996-01-15 08:00:00,8.6,500,5,
1996-01-16 08:00:00,2.2,500,5,
1996-01-17 08:00:00,1.8,500,5,
1996-01-18 08:00:00,0,500,5,
1996-01-19 08:00:00,0,500,5,
1996-01-20 08:00:00,21.2,500,5,
1996-01-21 08:00:00,0,500,5,
1996-01-28 08:00:00,0,500,5,
1996-01-31 08:00:00,0,500,5,
1996-02-01 08:00:00,10,500,5,
1996-02-02 08:00:00,0,500,5,
1996-02-03 08:00:00,0,500,5,
1996-02-04 08:00:00,7.8,500,5,
1996-02-05 08:00:00,1,500,5,
1996-02-06 08:00:00,0,500,5,
1996-02-07 08:00:00,0.2,500,5,
1996-02-08 08:00:00,2.6,500,5,
1996-02-09 08:00:00,11,500,5,
1996-02-10 08:00:00,0,500,5,
1996-02-11 08:00:00,0,500,5,
1996-02-12 08:00:00,0,500,5,
1996-02-13 08:00:00,1.2,500,5,
1996-02-14 08:00:00,0,500,5,
1996-02-18 08:00:00,0,500,5,
1996-02-19 08:00:00,9.6,500,5,
1996-02-20 08:00:00,8.2,500,5,
1996-02-21 08:00:00,0,500,5,
1996-02-22 08:00:00,3,500,5,
1996-02-23 08:00:00,18,500,5,
1996-02-24 08:00:00,0,500,5,
1996-03-02 08:00:00,0,500,5,
1996-03-03 08:00:00,45.4,500,5,
1996-03-04 08:00:00,0,500,5,
1996-03-05 08:00:00,0,500,5,
1996-03-06 08:00:00,6.2,500,5,
1996-03-07 08:00:00,0,500,5,
1996-03-08 08:00:00,0,500,5,
1996-03-09 08:00:00,0,500,5,
1996-03-10 08:00:00,0,500,5,
1996-03-11 08:00:00,1.6,500,5,
1996-03-12 08:00:00,0,500,5,
1996-03-13 08:00:00,0,500,5,
1996-03-14 08:00:00,0,500,5,
1996-03-15 08:00:00,0,500,5,
1996-03-16 08:00:00,5.6,500,5,
1996-03-17 09:00:00,4.4,500,5,
1996-03-18 09:00:00,0,500,5,
1996-03-19 09:00:00,3.6,500,5,
1996-03-20 09:00:00,0,500,5,
1996-03-21 09:00:00,0,500,5,
1996-03-22 09:00:00,0,500,5,
1996-03-23 09:00:00,10.4,500,5,
1996-03-24 09:00:00,0.6,500,5,
1996-03-25 09:00:00,0,500,5,
1996-03-26 09:00:00,2,500,5,
1996-03-27 09:00:00,0.8,500,5,
1996-03-28 09:00:00,16.2,500,5,
1996-03-29 09:00:00,0,500,5,
1996-03-30 09:00:00,0,500,5,
1996-03-31 09:00:00,7.4,500,5,
1996-04-01 09:00:00,1.2,500,5,
1996-04-02 09:00:00,0,500,5,
1996-04-03 09:00:00,0,500,5,
1996-04-04 09:00:00,2.2,500,5,
1996-04-05 09:00:00,12.2,500,5,
1996-04-06 09:00:00,10.2,500,5,
1996-04-07 09:00:00,14.6,500,5,
1996-04-08 09:00:00,0,500,5,
1996-04-09 09:00:00,0,500,5,
1996-04-10 09:00:00,5.2,500,5,
1996-04-11 09:00:00,1.2,500,5,
1996-04-12 09:00:00,1,500,5,
1996-04-13 09:00:00,0,500,5,
1996-04-14 09:00:00,17.4,500,5,
1996-04-15 09:00:00,0,500,5,
1996-04-16 09:00:00,0,500,5,
1996-04-17 09:00:00,0.2,500,5,
1996-04-18 09:00:00,0.2,500,5,
1996-04-19 09:00:00,11.6,500,5,
1996-04-20 09:00:00,0.2,500,5,
1996-04-21 09:00:00,10,500,5,
1996-04-22 09:00:00,17.2,500,5,
1996-04-23 09:00:00,0,500,5,
1996-04-28 09:00:00,0,500,5,
1996-04-29 09:00:00,2,500,5,
1996-04-30 09:00:00,22.4,500,5,
1996-05-01 09:00:00,0.6,500,5,
1996-05-02 09:00:00,0,500,5,
1996-05-03 09:00:00,0,500,5,
1996-05-04 09:00:00,0,500,5,
1996-05-05 09:00:00,0,500,5,
1996-05-06 09:00:00,0.2,500,5,
1996-05-07 09:00:00,0,500,5,
1996-05-08 09:00:00,1.2,500,5,
1996-05-09 09:00:00,1.4,500,5,
1996-05-10 09:00:00,0,500,5,
1996-05-11 09:00:00,0,500,5,
1996-05-12 09:00:00,0,500,5,
1996-05-13 09:00:00,0.4,500,5,
1996-05-14 09:00:00,0,500,5,
1996-05-15 09:00:00,18.8,500,5,
1996-05-16 09:00:00,2.4,500,5,
1996-05-17 09:00:00,2.4,500,5,
1996-05-18 09:00:00,0,500,5,
1996-05-19 09:00:00,0,500,5,
1996-05-20 09:00:00,0,500,5,
1996-05-21 09:00:00,0,500,5,
1996-05-22 09:00:00,65.6,500,5,
1996-05-23 09:00:00,7.2,500,5,
1996-05-24 09:00:00,6.6,500,5,
1996-05-25 09:00:00,0.4,500,5,
1996-05-26 09:00:00,7.2,500,5,
1996-05-27 09:00:00,2.8,500,5,
1996-05-28 09:00:00,0.2,500,5,
1996-05-29 09:00:00,0,500,5,
1996-05-30 09:00:00,8.2,500,5,
1996-05-31 09:00:00,5.2,500,5,
1996-06-01 09:00:00,1.8,500,5,
1996-06-02 09:00:00,0.4,500,5,
1996-06-03 09:00:00,0,500,5,
1996-06-04 09:00:00,0,500,5,
1996-06-05 09:00:00,0.2,500,5,
1996-06-06 09:00:00,2.2,500,5,
1996-06-07 09:00:00,1.4,500,5,
1996-06-08 09:00:00,0,500,5,
1996-06-09 09:00:00,5.2,500,5,
1996-06-10 09:00:00,0.6,500,5,
1996-06-11 09:00:00,7.4,500,5,
1996-06-12 09:00:00,3.2,500,5,
1996-06-13 09:00:00,1.8,500,5,
1996-06-14 09:00:00,0.2,500,5,
1996-06-15 09:00:00,0.2,500,5,
1996-06-16 09:00:00,2.4,500,5,
1996-06-17 09:00:00,1.4,500,5,
1996-06-18 09:00:00,0,500,5,
1996-06-19 09:00:00,0,500,5,
1996-06-20 09:00:00,0,500,5,
1996-06-21 09:00:00,0,500,5,
1996-06-22 09:00:00,8.4,500,5,
1996-06-23 09:00:00,69,500,5,
1996-06-24 09:00:00,15.4,500,5,
1996-06-25 09:00:00,6.8,500,5,
1996-06-26 09:00:00,3.8,500,5,
1996-06-27 09:00:00,2.2,500,5,
1996-06-28 09:00:00,11.2,500,5,
1996-06-29 09:00:00,5.6,500,5,
1996-06-30 09:00:00,3.6,500,5,
1996-07-01 09:00:00,15.2,500,5,
1996-07-02 09:00:00,8.8,500,5,
1996-07-03 09:00:00,10,500,5,
1996-07-04 09:00:00,0,500,5,
1996-07-05 09:00:00,0.4,500,5,
1996-07-06 09:00:00,0,500,5,
1996-07-07 09:00:00,0,500,5,
1996-07-08 09:00:00,0,500,5,
1996-07-09 09:00:00,0,500,5,
1996-07-10 09:00:00,0.8,500,5,
1996-07-11 09:00:00,14.4,500,5,
1996-07-12 09:00:00,27.6,500,5,
1996-07-13 09:00:00,0,500,5,
1996-07-14 09:00:00,0,500,5,
1996-07-15 09:00:00,20.4,500,5,
1996-07-16 09:00:00,0,500,5,
1996-07-17 09:00:00,35.4,500,5,
1996-07-18 09:00:00,12,500,5,
1996-07-19 09:00:00,1,500,5,
1996-07-20 09:00:00,2.4,500,5,
1996-07-22 09:00:00,34.8,500,5,
1996-07-23 09:00:00,0.2,500,5,
1996-07-24 09:00:00,4.6,500,5,
1996-07-25 09:00:00,2.8,500,5,
1996-07-26 09:00:00,2.4,500,5,
1996-07-27 09:00:00,2.6,500,5,
1996-07-28 09:00:00,0,500,5,
1996-07-29 09:00:00,0,500,5,
1996-07-30 09:00:00,0,500,5,
1996-07-31 09:00:00,0.2,500,5,
1996-08-01 09:00:00,1.2,500,5,
1996-08-02 09:00:00,40.4,500,5,
1996-08-03 09:00:00,5.8,500,5,
1996-08-04 09:00:00,4.8,500,5,
1996-08-05 09:00:00,0.8,500,5,
1996-08-06 09:00:00,1,500,5,
1996-08-07 09:00:00,5.4,500,5,
1996-08-08 09:00:00,0.6,500,5,
1996-08-09 09:00:00,2,500,5,
1996-08-10 09:00:00,5.4,500,5,
1996-08-11 09:00:00,2,500,5,
1996-08-12 09:00:00,2.4,500,5,
1996-08-13 09:00:00,0,500,5,
1996-08-14 09:00:00,1.6,500,5,
1996-08-15 09:00:00,0.6,500,5,
1996-08-16 09:00:00,8.2,500,5,
1996-08-17 09:00:00,0,500,5,
1996-08-18 09:00:00,21.2,500,5,
1996-08-19 09:00:00,0,500,5,
1996-08-20 09:00:00,3.2,500,5,
1996-08-21 09:00:00,19.2,500,5,
1996-08-22 09:00:00,6.2,500,5,
1996-08-23 09:00:00,0.8,500,5,
1996-08-24 09:00:00,0,500,5,
1996-08-25 09:00:00,0,500,5,
1996-08-26 09:00:00,7.2,500,5,
1996-08-27 09:00:00,1,500,5,
1996-08-28 09:00:00,1,500,5,
1996-08-29 09:00:00,3,500,5,
1996-08-30 09:00:00,10.6,500,5,
1996-08-31 09:00:00,0,500,5,
1996-09-01 09:00:00,0,500,5,
1996-09-02 09:00:00,13.8,500,5,
1996-09-03 09:00:00,23.8,500,5,
1996-09-04 09:00:00,0.8,500,5,
1996-09-05 09:00:00,20.4,500,5,
1996-09-06 09:00:00,0.4,500,5,
1996-09-07 09:00:00,0,500,5,
1996-09-08 09:00:00,11.4,500,5,
1996-09-09 09:00:00,0.8,500,5,
1996-09-10 09:00:00,5,500,5,
1996-09-11 09:00:00,0.2,500,5,
1996-09-12 09:00:00,26.6,500,5,
1996-09-13 09:00:00,2.6,500,5,
1996-09-14 09:00:00,0,500,5,
1996-09-15 09:00:00,1.2,500,5,
1996-09-16 09:00:00,0,500,5,
1996-09-17 09:00:00,0,500,5,
1996-09-18 09:00:00,0.2,500,5,
1996-09-19 09:00:00,0.4,500,5,
1996-09-20 09:00:00,0,500,5,
1996-09-24 09:00:00,0,500,5,
1996-09-25 09:00:00,0.2,500,5,
1996-09-26 09:00:00,0.8,500,5,
1996-09-27 09:00:00,0,500,5,
1996-09-28 09:00:00,0,500,5,
1996-09-29 09:00:00,2.8,500,5,
1996-09-30 09:00:00,1,500,5,
1996-10-01 09:00:00,0,500,5,
1996-10-02 09:00:00,7.8,500,5,
1996-10-03 09:00:00,0,500,5,
1996-10-08 08:00:00,0,500,5,
1996-10-09 08:00:00,8.4,500,5,
1996-10-10 08:00:00,0.8,500,5,
1996-10-11 08:00:00,15.4,500,5,
1996-10-12 08:00:00,6,500,5,
1996-10-13 08:00:00,0,500,5,
1996-10-14 08:00:00,4.4,500,5,
1996-10-15 08:00:00,0.2,500,5,
1996-10-16 08:00:00,0,500,5,
1996-10-22 08:00:00,0,500,5,
1996-10-23 08:00:00,0.6,500,5,
1996-10-24 08:00:00,0,500,5,
1996-10-25 08:00:00,0,500,5,
1996-10-26 08:00:00,0,500,5,
1996-10-27 08:00:00,9.8,500,5,
1996-10-28 08:00:00,1,500,5,
1996-10-29 08:00:00,1.2,500,5,
1996-10-30 08:00:00,0.2,500,5,
1996-10-31 08:00:00,0,500,5,
1996-11-01 08:00:00,0.4,500,5,
1996-11-02 08:00:00,6.8,500,5,
1996-11-03 08:00:00,2.2,500,5,
1996-11-04 08:00:00,0,500,5,
1996-11-05 08:00:00,0.2,500,5,
1996-11-06 08:00:00,0,500,5,
1996-11-07 08:00:00,0,500,5,
1996-11-08 08:00:00,0,500,5,
1996-11-09 08:00:00,0.6,500,5,
1996-11-10 08:00:00,1.4,500,5,
1996-11-11 08:00:00,0.6,500,5,
1996-11-12 08:00:00,5.6,500,5,
1996-11-13 08:00:00,1,500,5,
1996-11-14 08:00:00,6.8,500,5,
1996-11-15 08:00:00,0,500,5,
1996-11-16 08:00:00,15,500,5,
1996-11-17 08:00:00,0,500,5,
1996-11-18 08:00:00,0,500,5,
1996-11-19 08:00:00,12.4,500,5,
